ID,Label,Definition,Definition Source,See Also,Editor,Type,Parent Class,Disjoint Class,Domain,Range
ID,A rdfs:label,A IAO:0000115,>A IAO:0000119,AI rdfs:seeAlso,A IAO:0000117,TYPE,SC %,DC %,DOMAIN,RANGE
https://scismic.com/scimic_field.owl/SCIS_00000000000000000004,process development,,Scismic team,,Scismic team,class,https://scismic.com/scimic_field.owl/SCIS_00000000000000000003,,,
https://scismic.com/scimic_field.owl/SCIS_00000000000000000005,pattents,,Scismic team,,Scismic team,class,https://scismic.com/scimic_field.owl/SCIS_00000000000000000003,,,
https://scismic.com/scimic_field.owl/SCIS_00000000000000000003,non-academic,not academic,,,,class,https://scismic.com/scimic_field.owl/SCIS_00000000000000000079,,,
https://scismic.com/scimic_field.owl/SCIS_00000000000000000006,operations,,Scismic team,,Scismic team,class,https://scismic.com/scimic_field.owl/SCIS_00000000000000000003,,,
https://scismic.com/scimic_field.owl/SCIS_00000000000000000007,biz dev,,Scismic team,,Scismic team,class,https://scismic.com/scimic_field.owl/SCIS_00000000000000000003,,,
https://scismic.com/scimic_field.owl/SCIS_00000000000000000008,sales,,Scismic team,,Scismic team,class,https://scismic.com/scimic_field.owl/SCIS_00000000000000000003,,,
https://scismic.com/scimic_field.owl/SCIS_00000000000000000009,regulatory,,Scismic team,,Scismic team,class,https://scismic.com/scimic_field.owl/SCIS_00000000000000000003,,,
https://scismic.com/scimic_field.owl/SCIS_00000000000000000010,customer success,,Scismic team,,Scismic team,class,https://scismic.com/scimic_field.owl/SCIS_00000000000000000003,,,
https://scismic.com/scimic_field.owl/SCIS_00000000000000000011,ip law,,Scismic team,,Scismic team,class,https://scismic.com/scimic_field.owl/SCIS_00000000000000000003,,,
https://scismic.com/scimic_field.owl/SCIS_00000000000000000012,medical affairs,,Scismic team,,Scismic team,class,https://scismic.com/scimic_field.owl/SCIS_00000000000000000003,,,
https://scismic.com/scimic_field.owl/SCIS_00000000000000000013,communication,,Scismic team,,Scismic team,class,https://scismic.com/scimic_field.owl/SCIS_00000000000000000003,,,
https://scismic.com/scimic_field.owl/SCIS_00000000000000000014,formulations,,Scismic team,,Scismic team,class,https://scismic.com/scimic_field.owl/SCIS_00000000000000000003,,,
https://scismic.com/scimic_field.owl/SCIS_00000000000000000015,r & d,,Scismic team,,Scismic team,class,https://scismic.com/scimic_field.owl/SCIS_00000000000000000003,,,
https://scismic.com/scimic_field.owl/SCIS_00000000000000000016,manifacturing,,Scismic team,,Scismic team,class,https://scismic.com/scimic_field.owl/SCIS_00000000000000000003,,,
https://scismic.com/scimic_field.owl/SCIS_00000000000000000017,consulting,,Scismic team,,Scismic team,class,https://scismic.com/scimic_field.owl/SCIS_00000000000000000003,,,
https://scismic.com/scimic_field.owl/SCIS_00000000000000000018,scientific illustrations,,Scismic team,,Scismic team,class,https://scismic.com/scimic_field.owl/SCIS_00000000000000000003,,,