ex:731,Cyanidin,Anthocyanidins
ex:740,Petunidin,Anthocyanidins
ex:741,Delphinidin ,Anthocyanidins
ex:742,Malvidin,Anthocyanidins
ex:743,Pelargonidin,Anthocyanidins
ex:745,Peonidin,Anthocyanidins
ex:749,(+)-Catechin,Flavan-3-ols
ex:750,(-)-Epigallocatechin,Flavan-3-ols
ex:751,(-)-Epicatechin,Flavan-3-ols
ex:752,(-)-Epicatechin 3-gallate,Flavan-3-ols
ex:753,(-)-Epigallocatechin 3-gallate,Flavan-3-ols
ex:755,Theaflavin,Flavan-3-ols
ex:756,Thearubigins,Flavan-3-ols
ex:758,Eriodictyol,Flavanones
ex:759,Hesperetin,Flavanones
ex:762,Naringenin,Flavanones
ex:770,Apigenin,Flavones
ex:773,Luteolin,Flavones
ex:785,Isorhamnetin,Flavonols
ex:786,Kaempferol,Flavonols
ex:788,Myricetin,Flavonols
ex:789,Quercetin,Flavonols
ex:791,Theaflavin-3-3'-digallate,Flavan-3-ols
ex:792,Theaflavin-3'-gallate,Flavan-3-ols
ex:793,Theaflavin-3-gallate,Flavan-3-ols
ex:794,(+)-Gallocatechin,Flavan-3-ols
ex:800,Anthocyanidins,Flavonoids
ex:801,Flavan-3-ols,Flavonoids
ex:802,Flavonols,Flavonoids
ex:803,Flavones,Flavonoids
ex:804,Flavanones,Flavonoids
